{
  "split": "valid",
  "model_path": "models/efficientdet/weights_finetune_lessaug/best_model.pth",
  "precision": 0.7096774185917447,
  "recall": 0.5840707959433002,
  "mAP@50": 0.48014292116840185,
  "mAP@0.5:0.95": 0.18577960601342997,
  "tp": 66,
  "fp": 27,
  "fn": 47,
  "conf_threshold": 0.3,
  "num_images": 92,
  "ap_by_iou": {
    "0.50": 0.48014292116840185,
    "0.55": 0.3988682686782452,
    "0.60": 0.33593792293238867,
    "0.65": 0.2278931874567407,
    "0.70": 0.1988787065889035,
    "0.75": 0.13818790965999983,
    "0.80": 0.06112214797940829,
    "0.85": 0.01437514184242622,
    "0.90": 0.002389853827785421,
    "0.95": 0.0
  }
}