{
  "split": "valid",
  "model_path": "models/efficientdet/saved_models/efficientdet_d0_baseline_best.pth",
  "precision": 0.7105263139196676,
  "recall": 0.23893805288589554,
  "mAP@50": 0.17730698378916454,
  "mAP@0.5:0.95": 0.07355368160792314,
  "tp": 27,
  "fp": 11,
  "fn": 86,
  "conf_threshold": 0.5,
  "num_images": 92,
  "ap_by_iou": {
    "0.50": 0.17730698378916454,
    "0.55": 0.15840997621324382,
    "0.60": 0.13232402235465202,
    "0.65": 0.10021839255486698,
    "0.70": 0.08197753775029248,
    "0.75": 0.054621437305150455,
    "0.80": 0.023598820015040822,
    "0.85": 0.0035398230484101623,
    "0.90": 0.0035398230484101623,
    "0.95": 0.0
  }
}