{
  "split": "valid",
  "model_path": "models/efficientdet/saved_models/efficientdet_d0_baseline_best.pth",
  "precision": 0.5918367340899625,
  "recall": 0.5132743358289608,
  "mAP@50": 0.36176895073353244,
  "mAP@0.5:0.95": 0.13734081279006158,
  "tp": 58,
  "fp": 40,
  "fn": 55,
  "conf_threshold": 0.3,
  "num_images": 92,
  "ap_by_iou": {
    "0.50": 0.36176895073353244,
    "0.55": 0.3106140052373978,
    "0.60": 0.23681864448036194,
    "0.65": 0.18222209938246414,
    "0.70": 0.1463575749990822,
    "0.75": 0.09136164681738557,
    "0.80": 0.03602114465282896,
    "0.85": 0.004704238549152473,
    "0.90": 0.0035398230484101623,
    "0.95": 0.0
  }
}