{
  "split": "valid",
  "model_path": "models/efficientdet/weights_finetune_lr/best_model.pth",
  "precision": 0.721649483792114,
  "recall": 0.6194690260004699,
  "mAP@50": 0.5194655708583751,
  "mAP@0.5:0.95": 0.20410648715884103,
  "tp": 70,
  "fp": 27,
  "fn": 43,
  "conf_threshold": 0.3,
  "num_images": 92,
  "ap_by_iou": {
    "0.50": 0.5194655708583751,
    "0.55": 0.4090709868847986,
    "0.60": 0.374805329883249,
    "0.65": 0.31853669427053344,
    "0.70": 0.23339325810939515,
    "0.75": 0.11480820106022827,
    "0.80": 0.04829472589957584,
    "0.85": 0.019150730026267215,
    "0.90": 0.003539374595987674,
    "0.95": 0.0
  }
}